https://m.media-amazon.com/images/I/51ngidPHeVL._AC_UF894,1000_QL80_.jpg
https://i.ytimg.com/vi/ZUyqeDp6PRI/sddefault.jpg?sqp=-oaymwEmCIAFEOAD8quKqQMa8AEB-AH-BIAC6AKKAgwIABABGFMgZShOMA8=&rs=AOn4CLDi2QgsyLg3YHqD3KPE6E1p45eNLg
https://tshop.r10s.jp/wich/cabinet/gazou50/costcobear-20.jpg?fitin=720%3A720
https://www.yomiuri.co.jp/media/2023/11/20231125-OYT1I50028-1.jpg?type=large
https://www.nippon.com/ja/ncommon/contents/in-depth/2508773/2508773.jpg
https://kumakumakumabear.com/1st/core_sys/images/main/character/014_sub.png
https://storage.tenki.jp/storage/static-images/suppl/article/image/1/18/183/18391/1/large.jpg
https://tshop.r10s.jp/wich/cabinet/gazou50/costcobear-1.jpg?fitin=720%3A720
https://news.tv-asahi.co.jp/articles_img/000327031_1920.jpg
https://tk.ismcdn.jp/mwimgs/4/6/1200w/img_46270b739771f8f403dd75b2cdfec7d9498662.jpg
