https://m.media-amazon.com/images/I/51Xz5RaeEJL._AC_UF894,1000_QL80_.jpg
https://afpbb.ismcdn.jp/mwimgs/1/9/375wm/img_198c2b034fd840081e65eb133a9f3165327426.jpg
https://africansafari.co.jp/wp2023/wp-content/themes/safari/img/animals/cheetah/01.jpg
https://img01.jalannews.jp/img/2020/04/20200428_bigcats00-670x443.jpg
https://images.keizai.biz/wakayama_keizai/headline/1552990605_photo.jpg
https://images.unsplash.com/photo-1551969014-7d2c4cddf0b6?q=80&w=1000&auto=format&fit=crop&ixlib=rb-4.0.3&ixid=M3wxMjA3fDB8MHxleHBsb3JlLWZlZWR8MXx8fGVufDB8fHx8fA%3D%3D
https://www.metro.tokyo.lg.jp/tosei/hodohappyo/press/2021/07/29/images/21_01.jpg
https://www.poplar.co.jp/img/cms/book/original/978-4-591-15562-2.jpg
https://jice.homemate.co.jp/isc/useful/13970_zoo_055/img/13970_zoo_055_02.jpg
https://www.cnn.co.jp/storage/2023/03/29/3e1454602df3bac405bd8e0ed4ad0260/t/768/432/d/230328124238-india-namibia-cheetah-death-super-169.jpg
