https://m.media-amazon.com/images/I/61obSd95adL._AC_UF894,1000_QL80_.jpg
https://media.istockphoto.com/id/538052908/photo/king-cobra.jpg?s=612x612&w=0&k=20&c=KQ3taav1skIY4tPf_8xUDuFYJom7c2zU7F1VPHYEDM0=
https://img07.shop-pro.jp/PA01434/006/product/177929150_o2.jpg?cmsp_timestamp=20231101163624
https://media.istockphoto.com/id/157568595/photo/snouted-cobra.jpg?s=612x612&w=0&k=20&c=Q_5u6dDFOmhUTBThzNlRgSViWUP8u3uj98fgcpne3w8=
https://images-fe.ssl-images-amazon.com/images/I/713lHEm6lTL._AC_UL600_SR600,600_.jpg
https://img.petpedia.net/upload_by_admin/cobra_2_800.jpg
https://media.pitchfork.com/photos/6544fbea37474cc13264ce7b/master/pass/Megan-Thee-Stallion-Cobra.jpg
https://img.freepik.com/premium-photo/3d-king-cobra-the-world-s-longest-venomous-snake-isolated-on-white-background-king-cobra_46363-13.jpg
https://media.pitchfork.com/photos/654510d4c06435cfc8018346/3:2/w_3000,h_2000,c_limit/megtheestallion.jpeg
http://www.breitling.com/media/image/3/gallery_square_700/asset-version-c630ba87bf/ab01763a1c1x1-top-time-b01-shelby-cobra-soldier.png
