https://m.media-amazon.com/images/I/61HiA4zu7xL._AC_UF894,1000_QL80_.jpg
https://zoomo.co.jp/wp-content/uploads/2022/11/%E3%82%A6%E3%82%B72-scaled.jpg
https://m.media-amazon.com/images/I/71YhpIdn5cL._AC_UF894,1000_QL80_.jpg
https://www.parks.or.jp/sczoo/guide/files/311/000311/att_0000001.jpg
https://makeshop-multi-images.akamaized.net/gkjapan2/itemimages/000000000870_IfDhAFx.jpg
https://www.illust-box.jp/db_img/sozai/00015/159218/watermark.jpg
https://www.chuno-h.tym.ed.jp/wp-content/uploads/2021/01/CIMG1150-1024x768.jpg
https://jp.reuters.com/resizer/E0F5BxvYym6fKT4TxBb6ryng_QM=/1200x0/filters:quality(80)/archive-images.prod.global.a201836.reutersmedia.net/2013/10/21/CTYE99K0BXH00.JPG
https://img14.shop-pro.jp/PA01081/575/product/175378122.jpg
https://www.ecochil.net/wp-content/uploads/2023/02/saitama2302zoo3.png
