https://hips.hearstapps.com/hmg-prod/images/studio-photograph-of-a-nile-crocodile-royalty-free-image-1610375733-1611054548.jpg?crop=0.693xw:1.00xh;0.135xw,0&resize=640:*
https://www.ito-kowakien.com/wp-content/uploads/2020/05/pixta_54621076_M.jpg
https://syokuba-km.com/wp/wp-content/uploads/2021/03/8755727f7ecf4a1e1702ba23eefbf6dc.jpg
https://media.istockphoto.com/id/1143958799/ja/%E3%82%B9%E3%83%88%E3%83%83%E3%82%AF%E3%83%95%E3%82%A9%E3%83%88/%E7%99%BD%E3%81%A7%E5%AD%A4%E7%AB%8B%E3%81%97%E3%81%9F%E3%83%AF%E3%83%8B.jpg?s=612x612&w=0&k=20&c=I61WMvA2IQD_1j-CtAaMj6hInt2jMb7bH8dqpA92VGI=
https://www.nifrel.jp/detail/matome/89775f6d6772cac422d6308113e55a8e7c53fbec.jpg
https://natgeo.nikkeibp.co.jp/atcl/news/16/b/102600241/ph_thumb.jpg
https://assets.st-note.com/production/uploads/images/114249498/rectangle_large_type_2_3aa5e77308c800964c47ff3ecf78e3d3.jpeg?width=2000&height=2000&fit=bounds&quality=85
https://item-shopping.c.yimg.jp/i/n/hype_7987725
https://www.pen-online.jp/uploads/shutterstock_1698943219-thumb-720xauto-656633.jpeg
https://eiga.k-img.com/images/buzz/101289/72bb0370825be188/640.jpg?1675051944
