https://tv-tokyo.imgix.net/txcms/media/plus_content/74/20/6cea61dbfc476bc2a628d78d0cf1.jpg?auto=format,compress&w=380
https://img.freepik.com/premium-photo/on-a-farm-a-black-goat-with-horns_410516-58506.jpg
https://cdfront.tower.jp/~/media/Images/Tol/pc/article/feature_item/J-Pop/2023/12/04/3001.jpg
http://www.worldranch.co.jp/petsale/images/largeanimal_001_l2.jpg
https://yagimaru.com/wp-content/uploads/2022/04/50c7381dc5cf54214c719d924117d6d0.jpg
https://libs.colocal.jp/wp-content/uploads/2021/11/tpc-ada-artreport-093-main.jpg
https://www.tv-tokyo.co.jp/txcms/media/pg/L/2a/0f/bbc9b50ba21064147edf7f2d69b0.jpg
https://ogre.natalie.mu/media/news/owarai/2023/1102/yagitodaigo230915_morokoshi.jpg?imwidth=750&imdensity=1
https://www.seibundo-shinkosha.net/wp-content/uploads/2019/09/20210126094641.jpg
https://spice.eplus.jp/images/eQEYFYKzzDM6w30XuKg4xbIAvDw1Ow6Pok2PzEwgxbg7I1e40UuZgZCiMahR6i8D/
