https://m.media-amazon.com/images/I/71tRbMCCG2L._AC_UF1000,1000_QL80_.jpg
https://kimini.online/blog/wp-content/uploads/2022/11/pixta_60798994_M-1118x538.jpg
https://m.media-amazon.com/images/I/71cHCTQ9hmL._AC_UF894,1000_QL80_.jpg
https://www.kyoto-u.ac.jp/sites/default/files/inline-images/Figure_tamura_210119-7ad5772d10a2f7f72ba814c712dd233e.jpg
https://takaratomymall.jp/img/goods/1/4904810499626_be456fbfa7a147d7b28d653884268003.jpg
https://www.ntt.com/content/dam/nttcom/hq/jp/business/dx/smart/img/workstyle/cm83_tmb.png
https://i.ytimg.com/vi/V6VyQxzeP9Q/hq720.jpg?sqp=-oaymwEhCK4FEIIDSFryq4qpAxMIARUAAAAAGAElAADIQj0AgKJD&rs=AOn4CLBpb57Jylfv3h_iXYWKpm-YofKUpQ
https://medalistjapan.com/html/upload/save_image/1130205116_5fc4dcb48bebb.jpg
https://s3.ap-northeast-1.amazonaws.com/repos.kids.rurubu.jp/uploads/2020/10/19113236/00_higasi_shaba.jpg
https://www.toysrus.co.jp/i/7/6/4/764394200AML.jpg
