https://m.media-amazon.com/images/I/81CdbD--87L._AC_UF1000,1000_QL80_.jpg
https://i.ytimg.com/vi/FTEB3DzQhLM/hq720.jpg?sqp=-oaymwEhCK4FEIIDSFryq4qpAxMIARUAAAAAGAElAADIQj0AgKJD&rs=AOn4CLBkSdJ1ANxXDpyK_R7lrcDGK7qzMw
https://eiga.k-img.com/images/buzz/107498/6334a280a54e8d43/640.jpg?1703656128
https://prcdn.freetls.fastly.net/release_image/5593/761/5593-761-4afa1557df04f18b79d1103947ed7d58-1920x1080.jpg?format=jpeg&auto=webp&quality=85%2C65&width=1950&height=1350&fit=bounds
https://tospo-keiba.jp/images/articles/contents/shares/0002023/10/1004/%E3%83%8F%E3%83%AB%E3%82%A6%E3%83%A9%E3%83%A91.jpg
https://m.media-amazon.com/images/I/71rmwPjBh3L._UF1000,1000_QL80_.jpg
https://www.animate-onlineshop.jp/upload/save_image/12061616_65701fb02cb1b.jpg
https://www.sega.jp/files/co/wp-content/uploads/2022/11/221116_1_1.jpg
https://shadowverse-evolve.com/wordpress/wp-content/uploads/2022/06/15094055/0715_CP_banner-1024x576.png
https://pbs.twimg.com/media/F7mwwmWaEAAu3Gg.jpg
