https://cdn-natgeo.nikkeibp.co.jp/atcl/news/15/a/062100011/ph_thumb.jpg?__scale=w:500,h:333&_sh=0b20e5010c
https://i.ytimg.com/vi/r1qa0pV75bk/maxresdefault.jpg
https://nichigopress.jp/wp-content/uploads/2022/12/3%E2%88%921-%E3%82%AA%E3%83%BC%E3%82%B9%E3%83%88%E3%83%A9%E3%83%AA%E3%82%A2%E3%81%AE%E7%94%B0%E8%88%8E%E3%81%A7%E6%9A%AE%E3%81%9B%E3%81%B0.jpg
https://tokyo-sports.ismcdn.jp/mwimgs/c/a/1200w/img_ca030db90f8dcd60d23183ac7e26b51c186697.jpg
https://www.safari.co.jp/wp/wp-content/uploads/2021/09/14694422177520-2.jpg
https://www.city.sapporo.jp/zoo/03doubutsu/kangarookan/kangaroo/images/20210630.jpg
https://kids.gakken.co.jp/wp-content/uploads/2019/06/s_0116.jpg
https://www.cnn.co.jp/storage/2021/01/24/73b9fad195b1bf3d81176ddfa7ca1d06/01-rare-white-kangaroo-new-york-zoo.jpg
https://ichef.bbci.co.uk/news/1024/branded_japanese/8966/production/_101147153_img_4258.jpg
https://noichizoo.or.jp/media/001/202102/P1150001_210224_175515.jpg
