https://m.media-amazon.com/images/I/8187Jlf5qLL._AC_UF1000,1000_QL80_.jpg
https://ecotourism-world.com/wp-content/uploads/2022/05/steve-franklin-eI0m5qV7q5Y-unsplash-1.jpg
https://www.city.kobe.lg.jp/images/63562/ibuki300.jpg
https://kimini.online/blog/wp-content/uploads/2022/09/koala-74908_1280-1118x538.jpg
https://nichigopress.jp/wp-content/uploads/2023/08/koala-1024x1018.jpg
https://www.queensland.com/jp/ja/places-to-see/experiences/nature-and-wildlife/guide-to-koala.thumb.800.480.png
https://www.coalamode.net/adm_image/common/artist_image/70008000/70008062/artist_photo/61229.jpg
https://nichigopress.jp/wp-content/uploads/2023/08/koala-scaled.jpg
https://goopass-animal-image-prd.s3.ap-northeast-1.amazonaws.com/animal/wp-content/uploads/2023/05/zoo-koala_tmb.jpg
https://tshop.r10s.jp/koalasleep/cabinet/2067615_01.jpg?fitin=720%3A720
