https://lumiere-a.akamaihd.net/v1/images/eb_20316_21697_12521_12452_12458_12531_12539_12461_1253_6e403af1.jpeg?region=0,0,780,780
https://th-thumbnailer.cdn-si-edu.com/A7XKQrdCne940tuISIiUsgd1Ru4=/fit-in/1600x0/https://tf-cmsv2-smithsonianmag-media.s3.amazonaws.com/filer/a9/ff/a9ff31d0-aecd-464e-80c7-873e4651cd2b/mufasa.jpeg
https://static01.nyt.com/images/2023/01/23/multimedia/23schiaparelli-01-tlzf/23schiaparelli-01-tlzf-articleLarge.jpg?quality=75&auto=webp&disable=upscale
https://files.worldwildlife.org/wwfcmsprod/images/Lion_Kenya/story_full_width/92n0a30duq_Medium_WW2116702.jpg
https://www.bornfree.org.uk/wp-content/uploads/2023/08/Lion-conservation-hero.jpg
https://www.tobezoo.com/tobetopics/2023/08/07/20230807131555-b0cf08919f587a786d251c26bbacd974d1474818.jpg
https://files.worldwildlife.org/wwfcmsprod/images/Lion_Action_Figure_WW_winter2020/story_full_width/2w0gmg418v_lion_actionfigure_WWwinter2020.jpg
https://www.hama-midorinokyokai.or.jp/zoo/zoorasia/animal/assets_c/2022/06/94376ee6e70d31ac6526c877faefe929d7efd448-thumb-999x666-141490.jpg
https://www.marylandzoo.org/wp-content/uploads/2017/10/hassan-pond-2022-1024x686.jpg
https://cdn.britannica.com/01/143601-050-BD9DC0C3/Golden-lion-tamarin.jpg?w=400&h=300&c=crop
