https://m.media-amazon.com/images/I/91-lrgKQOrL._AC_UF1000,1000_QL80_.jpg
https://i.ytimg.com/vi/FxCdYO_1Wis/maxresdefault.jpg
https://static.mercdn.net/item/detail/orig/photos/m40113543535_1.jpg?1695183926
https://i.ytimg.com/vi/wt7YBYzX1Ik/maxresdefault.jpg
https://static.mercdn.net/item/detail/orig/photos/m13919498517_1.jpg?1635907074
https://i.ytimg.com/vi/EHyOEKvM5qE/maxresdefault.jpg
https://goodsrepublic.com/media/binary/007/732/797/7732797.jpg
https://i.ytimg.com/vi/rHXGhAWADQA/maxresdefault.jpg
https://kimini.online/blog/wp-content/uploads/2022/05/orca-2650649_1280-1118x538.jpg
https://upload.wikimedia.org/wikipedia/commons/0/01/Orque_Marineland.jpg
