https://imagedelivery.net/QondspN4HIUvB_R16-ddAQ/5744ff749821cc4dcc0057e2/0dcb287326b0733020f4.jpeg/fit=cover,w=800,h=800
https://media.istockphoto.com/id/93807916/photo/giant-panda-looking-into-camera-holding-green-leaves.jpg?s=612x612&w=0&k=20&c=LtUSqNuiRV-MLNiRVR8k9EMtZRPDsFjNWp2TFcQFqvU=
https://d13bk85vz164q6.cloudfront.net/gelatopique/ProductImages/0/PWGG235618_c_002_LL.jpg
https://cloudfront-us-east-2.images.arcpublishing.com/reuters/HVIFBP6M3ZIMDBCUPNTFUBGMA4.jpg
https://kimini.online/blog/wp-content/uploads/2022/11/pixta_26846664_M-1118x538.jpg
https://washington-hotels.jp/upload_file/akihabara/stay/yanyan_main.jpg
https://static.tokyo-np.co.jp/image/article/size1/4/f/4/8/4f48589130dcba05e30a7592c52f1ebc_1.jpg
https://media.newyorker.com/photos/65527dfc8891bf3f2830ffd7/16:9/w_2560,h_1440,c_limit/Robin-Pandas-Leave.jpg
https://www.shutterstock.com/image-photo/funny-pose-giant-panda-lying-260nw-2341594121.jpg
https://www.sylvanianfamilies.com/assets/includes_gl/img/products/1963_1578553268732.jpg
