https://m.media-amazon.com/images/I/51gQfnyAqwL._AC_UF894,1000_QL80_.jpg
https://s.yimg.jp/i/kids/zukan/photo/animal/mammals/0116/640_480.jpg
https://www.pignic.jp/blog/wp-content/uploads/2022/10/-e1666675792107-1024x644.jpg
https://mipig.cafe/images/img_guide01.jpg
https://media.wired.jp/photos/61cf0ef107f6a18a5a768df3/master/pass/ccf507bc4ae3150657da8cd2dd78a7d6.jpg
https://www.loft.co.jp/shop_assets/img/goods/2/4907148621912-2.jpg
https://i.ytimg.com/vi/j8zb5q2UkxE/mqdefault.jpg
https://rstatic.enjoytokyo.jp/assets/images/article/a4/213625/436993.png?1659601889&p=t&w=1800
https://ao-buta.com/assets/img/kv_randoseru.jpg
https://www.pignic.jp/wp-content/themes/pignic/images/micro-pig/whats01.jpg
