https://m.media-amazon.com/images/I/81tS7g6K4vL._AC_UF1000,1000_QL80_.jpg
http://shop.micrafan.com/cdn/shop/products/886f9812ea6a6a9463a2de79cb9de73c.jpg?v=1654572570
https://m.media-amazon.com/images/I/71RXurTxU5L._AC_UF1000,1000_QL80_.jpg
https://t.pimg.jp/074/993/894/1/74993894.jpg
https://www.ehonnavi.net/img/cover/500/500_Ehon_117117.jpg
https://m.media-amazon.com/images/I/91nmeW+C+9L._AC_UF1000,1000_QL80_.jpg
https://image1.shopserve.jp/otaru-orgel.jp/pic-labo/llimg/4979866544286_1.jpg
https://crp01.c4a.im/user/3838031/exhibits/9344837/0_b5b39472636976b59f30a75505d42f36?d=583x585
https://image.rakuten.co.jp/freedesign/cabinet/img06/dillpb001-detail08.jpg
https://www.okadaya.co.jp/img/goods/shop10/1010/kippis/4516750781343.jpg
