https://cdn-natgeo.nikkeibp.co.jp/atcl/news/19/100100563/ph_thumb.jpg?__scale=w:500,h:333&_sh=0ce0be0750
https://www.kyowatecno.jp/ktsite/wp-content/uploads/2020/04/racoon_img01.jpg
https://www.nara-np.co.jp/dbimage/article/01/015c2c96744e613a65ff83a2c77e9f09.jpg
https://www.city.kumamoto.jp/common/UploadFileDsp.aspx?c_id=5&id=17153&sub_id=2&flid=135118
https://www.athome.co.jp/contents/wp-content/uploads/sites/3/2023/10/raccoon_main.jpg
https://i.ytimg.com/vi/naqe3-m6XL0/hqdefault.jpg
https://gaijyu-zero.com/media/wp-content/uploads/2023/08/6f027b1a4589e507de4ef0fc7013a495.jpg
https://i.kobe-np.co.jp/rentoku/omoshiro/202209/img/b_15607651.jpg
https://www.pref.chiba.lg.jp/shizen/choujuu/images/araiguma.jpg
https://www.pref.kagawa.lg.jp/images/10771/araiguma1.jpg
