https://media.wired.jp/photos/61ce5ae9f833b994798da47d/4:3/w_2132,h_1599,c_limit/15c71b361b4eaaa7a3846d130941c819.jpg
https://i.ytimg.com/vi/KkGhlVhl0j8/maxresdefault.jpg
https://media.wired.jp/photos/61ce5ae9f833b994798da47d/master/pass/15c71b361b4eaaa7a3846d130941c819.jpg
https://img.peapix.com/2b0c349738f2430682c1af301bc3b750_480.jpg
https://media.gettyimages.com/id/1283550298/ja/%E3%82%B9%E3%83%88%E3%83%83%E3%82%AF%E3%83%95%E3%82%A9%E3%83%88/%E6%B0%B7%E3%81%AE%E4%B8%8A%E3%81%AE%E3%83%A9%E3%83%83%E3%82%B3%E3%82%A8%E3%83%92%E3%83%89%E3%83%A9%E3%83%AB%E3%83%88%E3%83%AA%E3%82%B9%E3%83%97%E3%83%AA%E3%83%B3%E3%82%B9%E3%82%A6%E3%82%A3%E3%83%AA%E3%82%A2%E3%83%A0%E3%82%B5%E3%82%A6%E3%83%B3%E3%83%89%E3%82%A2%E3%83%A9%E3%82%B9%E3%82%AB%E3%82%B5%E3%83%97%E3%83%A9%E3%82%A4%E3%82%BA%E6%B0%B7%E6%B2%B3%E3%81%AE%E5%89%8D%E3%81%A7%E6%B0%B7%E6%B2%B3%E3%81%8B%E3%82%89%E6%B0%B7%E3%81%AE%E4%B8%8A%E3%81%A7%E4%BC%91%E3%82%80.jpg?s=612x612&w=gi&k=20&c=QUABO4CzBYYpyObjMIO5IArqTxo7QsjST-NoliyBRZg=
https://img.peapix.com/7470c941e8a24762bbb7ac731a0c0d88_480.jpg
https://static.tokyo-np.co.jp/image/article/size1/e/3/d/c/e3dc9dd412ba5d5b16c906e57a1a4263_1.jpg
https://t4.ftcdn.net/jpg/05/72/76/13/360_F_572761370_AJTg3KXAPoBtYJShJvRi1n2iRp3Gm8Xq.jpg
https://media.wired.jp/photos/61ce5ae9f833b994798da47d/16:9/w_1280,c_limit/15c71b361b4eaaa7a3846d130941c819.jpg
https://i.ytimg.com/vi/K5nuZahNfpA/maxresdefault.jpg
