https://m.media-amazon.com/images/I/81ys9w2T1cL._AC_UF1000,1000_QL80_.jpg
https://i.ytimg.com/vi/aPl2aeiUwvk/maxresdefault.jpg
https://getnavi.jp/wps/wp-content/uploads/2022/02/20220222_kubo01.jpg.webp
https://oceana.ne.jp/wordpress/wp-content/uploads/2023/09/138595_01.webp
https://i.ytimg.com/vi/aPl2aeiUwvk/sddefault.jpg
https://www.seaparadise.co.jp/image/20230417_same_main.jpg
https://i.ytimg.com/vi/NvPt8xU6t0c/maxresdefault.jpg
https://images.forbesjapan.com/media/article/52128/images/main_image_52128724b1809bafd0146d86a4d5ec2bc8f23.jpg?w=800
https://m.media-amazon.com/images/I/91ll2ubvSxL._AC_UF1000,1000_QL80_.jpg
https://newsatcl-pctr.c.yimg.jp/t/iwiz-yn/rpr/ishidamasahiko/00075743/top_image.jpeg?exp=10800
