https://lumiere-a.akamaihd.net/v1/images/wdsjp_shaun_s6_dvd_rgb_poster_540_810_1d11a8a1.jpeg?region=0,0,540,810
https://i.ytimg.com/vi/os_PK2kNArs/sddefault.jpg
https://tshop.r10s.jp/worldon/cabinet/05476122/imgrc0081160097.jpg?fitin=720%3A720
https://static.tokyo-np.co.jp/image/article/size1/a/4/1/d/a41d2ba6a565da049293f017e1494cfd_4.jpg
https://i.ytimg.com/vi/8Hi6qZrKR5Q/sddefault.jpg
http://157.205.126.225/sczoo/blog/files/entry/004614/att_0000001.jpg
https://cloudfront-us-east-2.images.arcpublishing.com/reuters/SQ3HK6KVKJOEDNUVKXTKGUIAPI.jpg
https://www.sylvanianfamilies.com/assets/includes_gl/img/products/2085_1644802014587.jpg
https://zoomo.co.jp/wp-content/uploads/2022/11/%E3%83%92%E3%83%84%E3%82%B83-scaled.jpg
https://c.imgz.jp/740/2576740/2576740b_142_d_500.jpg
