https://m.media-amazon.com/images/I/614w0UJHT8L._AC_UF894,1000_QL80_.jpg
https://imgcp.aacdn.jp/img-a/800/auto/aa/gm/article/7/0/3/5/4/insectsnakegreen.jpg
https://t.pimg.jp/106/119/252/1/106119252.jpg
https://static.wixstatic.com/media/e0add7_2ae57c73f3854807b54cbf13ef16ab1d~mv2.jpg/v1/fill/w_400,h_300,al_c,q_80,usm_0.66_1.00_0.01,enc_auto/e0add7_2ae57c73f3854807b54cbf13ef16ab1d~mv2.jpg
https://www.natureasia.com/ja-jp/ndigest/figure/v18/n3/106650/1
https://www.exotic-supply.com/phone/data/exotic-supply/product/20200626_2bdcca.JPG
https://t.pimg.jp/067/384/655/1/67384655.jpg
https://img.freepik.com/premium-photo/a-cute-baby-snake-3d_874813-8328.jpg
https://mt-inn.jp/wp-content/uploads/2021/05/AdobeStock_126222013.jpg
https://www.asahicom.jp/imgopt/img/44adde70b5/hw414/AS20220909003447.jpg
