https://m.media-amazon.com/images/I/61GdfaPts+L._AC_UF894,1000_QL80_.jpg
https://prcdn.freetls.fastly.net/release_image/20364/682/20364-682-1b503634f292176954a38dd0e01c9d6d-1125x727.jpg?format=jpeg&auto=webp&quality=85%2C75&width=1950&height=1350&fit=bounds
https://oshimataxi.jp/wp-content/uploads/2020/11/%E5%A4%A2%E3%82%92%E3%81%8B%E3%81%AA%E3%81%88%E3%82%8B%E3%82%AB%E3%83%A1%E3%81%95%E3%82%93-machiiro-%E8%A8%98%E4%BA%8B%E5%86%99%E7%9C%9F-2.jpg
https://m.media-amazon.com/images/I/61SsWlzWeOL._AC_UF1000,1000_QL80_.jpg
https://img07.shop-pro.jp/PA01450/960/product/155083415_o3.jpg?cmsp_timestamp=20220330170944
https://image.peco-japan.com/optimized_images/292178.jpg
https://www3.nhk.or.jp/news/html/20230713/K10014128251_2307131356_0713184749_01_03.jpg
https://c.p02.c4a.im/user/3721514/exhibits/10168688/6_37ec78b4f74a11e0ee62476d8e6270f8?d=500x500
https://img.huffingtonpost.com/asset/650cdcd42400003100b0b05b.jpeg?cache=QMBe3B7iJG&ops=scalefit_720_noupscale
http://www.cake-monreve.jp/wp/wp-content/uploads/2017/06/IMG_2830-1200x900.jpg
