https://m.media-amazon.com/images/I/61erJq0nd-L._AC_UF1000,1000_QL80_.jpg
https://www.kagoshima-kankou.com/storage/tourism_attractions/51651/responsive_images/MfLwDyqpMFiUk2ylS6ogiyWijGSTPudTeoeKQqyE__1024_683.jpeg
https://upload.wikimedia.org/wikipedia/commons/thumb/0/07/Jumping_Humpback_whale.jpg/300px-Jumping_Humpback_whale.jpg
https://media.loom-app.com/gizmodo/dist/images/2017/06/170615whales.jpg?w=640
https://item-shopping.c.yimg.jp/i/n/alumart_kujira-2type
https://www.yamakei-online.com/new_images/yama-ya/article/2021_07/kujira_04_01.jpg
https://www.mugamuga.com/img/img-kj4.jpg
https://www.ehonnavi.net/img/cover/500/500_Ehon_176520.jpg
https://i.ytimg.com/vi/RL5b9SPD3ek/maxresdefault.jpg
https://www.shogakukan.co.jp/thumbnail/snsbooks/09725196
