bear,http://free-photo.net/photo_img/081100101210.jpg
bear,http://www.city.maebashi.gunma.jp/material/images/group/57/kumasyasinn.jpg
bear,https://api.mediacms.jp/uploads/_0f8daf7170.png
bear,https://byline-pctr.c.yimg.jp/t/iwiz-yn/rpr/tanakaatsuo//00373842/title-1699408670718.jpeg
bear,https://diamond.jp/mwimgs/0/f/-/img_0fb786a222038ed2e56079c03563a6242992516.jpg
bear,https://dol.ismcdn.jp/mwimgs/0/f/650/img_0fb786a222038ed2e56079c03563a6242992516.jpg
bear,https://dol.ismcdn.jp/mwimgs/7/8/650/img_78d9d618901606ebf237a7fb80fbb87c195411.jpg
bear,https://gogen-yurai.jp/wp-content/uploads/381741494_675.jpg
bear,https://images.rollingstonejapan.com/articles/38000/38556/415x850/3e5b5a07590b88906327265cc7b3bdf6.jpg
bear,https://kumabokujyo.com/wp-content/uploads/2021/04/2021.4.9.jpg
bear,https://media.loom-app.com/gizmodo/dist/images/2016/01/160110beargif.jpg
bear,https://newsatcl-pctr.c.yimg.jp/t/amd-img/20231005-00016600-bengocom-000-1-view.jpg
bear,https://newsatcl-pctr.c.yimg.jp/t/amd-img/20231121-90039105-hokkaibunv-001-2-view.jpg
bear,https://newsatcl-pctr.c.yimg.jp/t/amd-img/20231203-11477246-maidonans-000-28168744-view.jpg
bear,https://p.potaufeu.asahi.com/12c2-p/picture/26716291/99661e2c21a24860a17af9a26dfb32de_640px.jpg
bear,https://static.chunichi.co.jp/image/article/size1/c/6/d/9/c6d95b6234d9225347d7a7e22353a805_1.jpg
bear,https://static.tokyo-np.co.jp/image/article/size1/0/2/3/a/023ab4ef293072a737f408680944a4d4_4.jpg
bear,https://storage.tenki.jp/storage/static-images/suppl/article/image/8/85/853/8531/1/large.jpg
bear,https://tk.ismcdn.jp/mwimgs/4/6/375w/img_46270b739771f8f403dd75b2cdfec7d9498662.jpg
bear,https://tk.ismcdn.jp/mwimgs/8/3/1200w/img_83ea60ed1f83121e1da8fede4f5f1d01986097.jpg
bear,https://upload.wikimedia.org/wikipedia/commons/thumb/9/9e/Ours_brun_parcanimalierpyrenees_1.jpg/250px-Ours_brun_parcanimalierpyrenees_1.jpg
bear,https://upload.wikimedia.org/wikipedia/commons/thumb/9/9e/Ours_brun_parcanimalierpyrenees_1.jpg/640px-Ours_brun_parcanimalierpyrenees_1.jpg
bear,https://www.asahicom.jp/imgopt/img/cb05a2655e/hw414/AS20230108003667.jpg
bear,https://www.tokai-tv.com/tokainews/image/202311143120801.jpg
cheetah,http://www.asazoo.jp/animal/b9fffef5be1724933f0c0651c8ea3728be6ea96c.jpg
cheetah,https://archives.bs-asahi.co.jp/bbc/images/na_01_02.jpg
cheetah,https://assets.st-note.com/production/uploads/images/64504530/rectangle_large_type_2_637a3b331ed9cbd075a8837619384cd9.jpg
cheetah,https://cdn.mainichi.jp/vol1/2023/05/02/20230502ddlk40040407000p/9.jpg
cheetah,https://i.ytimg.com/vi/N62OiZXWsOU/maxresdefault.jpg
cheetah,https://ichef.bbci.co.uk/news/640/cpsprodpb/0A0A/production/_93107520_cubs_creditzsl.jpg
cheetah,https://ichef.bbci.co.uk/news/640/cpsprodpb/13EA2/production/_93107518_standingcheetah_creditzsl.jpg
cheetah,https://img.peapix.com/00b0ab2c9ead4f5dbb79b0c631ab775f_480.jpg
cheetah,https://img.peapix.com/0b58d5313dfa47e1886e4840c38cbbd5_480.jpg
cheetah,https://img.peapix.com/12727360991416304035_480.jpg
cheetah,https://natgeo.nikkeibp.co.jp/nng/images/photo/cheetah-mother-cubs.jpg
cheetah,https://natgeotv.jp/files/img/prgm_master/main_img/20210128/161179756084052.jpg
cheetah,https://static.tokyo-np.co.jp/image/article/size1/a/5/4/2/a54206dea44dbc3c0876cb0118239129_1.jpg
cheetah,https://upload.wikimedia.org/wikipedia/commons/4/4b/Africat_Cheetah.jpg
cheetah,https://upload.wikimedia.org/wikipedia/commons/thumb/4/4b/Africat_Cheetah.jpg/1200px-Africat_Cheetah.jpg
cheetah,https://upload.wikimedia.org/wikipedia/commons/thumb/4/4b/Africat_Cheetah.jpg/250px-Africat_Cheetah.jpg
cheetah,https://www.city.chiba.jp/somu/shichokoshitsu/hisho/hodo/topic/images/20201013-1.png
cheetah,https://www.city.chiba.jp/zoo/zone/images/cheetar.jpg
cheetah,https://www.ecochil.net/wp-content/uploads/2021/11/2111zoo_chiba-eyecatchi.jpg
cheetah,https://www.fujisafari.co.jp/wp-content/uploads/2018/08/img_galleryMain_01-6.jpg
cheetah,https://www.fujisafari.co.jp/wp-content/uploads/2019/09/cheetah_exihibition_image.jpg
cheetah,https://www.fujisafari.co.jp/wp-content/uploads/2021/03/cheetah-run4.jpg
cheetah,https://www.fujisafari.co.jp/wp-content/uploads/2022/10/20221016_cheetah2.jpg
cheetah,https://www.fujisafari.co.jp/wp-content/uploads/2023/05/cheetah20230515.jpg
cheetah,https://www.hama-midorinokyokai.or.jp/zoo/zoorasia/5/2023/06/IMG_30202.jpg
cheetah,https://www.hama-midorinokyokai.or.jp/zoo/zoorasia/animal/assets_c/2021/08/03a2745a39f22f17098cba4609b11286deb76fd1-thumb-999x666-119374.jpg
cheetah,https://www.hama-midorinokyokai.or.jp/zoo/zoorasia/animal/assets_c/2021/08/5862fe0a4c757285aca20aaaf89388cdb096c0d4-thumb-999x666-119373.jpg
cheetah,https://www.hama-midorinokyokai.or.jp/zoo/zoorasia/animal/assets_c/2021/08/636e9fc30bbf911489078cf8aeca7370a353dbb4-thumb-999x666-119375.jpg
cheetah,https://www.hama-midorinokyokai.or.jp/zoo/zoorasia/animal/assets_c/2021/08/7c1ddf460b48806110683444b8fc760e0a8832bf-thumb-1000x1000-119371.jpg
cheetah,https://www.hama-midorinokyokai.or.jp/zoo/zoorasia/animal/assets_c/2021/08/e262cf97fea30ed8543c57020676b85ee8f4b460-thumb-999x666-119377.jpg
cheetah,https://www.hama-midorinokyokai.or.jp/zoo/zoorasia/assets_c/2021/05/62ebef75c4e8da8a484485e1a487b46f20d0e5c1-thumb-960x640-109787.jpg
cheetah,https://www.metro.tokyo.lg.jp/tosei/hodohappyo/press/2023/02/02/images/06_01_kevin.jpg
cheetah,https://www.tokyo-zoo.net/Topics/upfiles/27827_01.jpg
cheetah,https://www.tokyo-zoo.net/Topics/upfiles/28059_02.jpg
dolphin,http://www.chibanippo.co.jp/sites/default/files/230403aIP230403TAN000051000_1.jpg
dolphin,https://cdn2.veltra.com/ptr/20151028013914_616973479_2152_0.jpg
dolphin,https://cdn2.veltra.com/ptr/20210602055337_1922209809_15373_0.jpg
dolphin,https://cdn2.veltra.com/ptr/20210602055338_482591946_15373_0.jpg
dolphin,https://cdn2.veltra.com/ptr/20211026185206_1003439267_2781_0.png
dolphin,https://cdn2.veltra.com/ptr/20220609002529_637332469_15373_0.jpg
dolphin,https://cdn2.veltra.com/ptr/20230612092432_373689245_10114_0.jpg
dolphin,https://fki.ismcdn.jp/mwimgs/4/0/200h/img_40234a81a180a2704e6f90785402158c751114.jpg
dolphin,https://hawaiisealifepark.jp/demoa/wp-content/uploads/2023/10/sea-life-park-hawaii-dolphin-jump-top-mov700x.jpg
dolphin,https://ichef.bbci.co.uk/news/640/cpsprodpb/14B17/production/_130395748_a26612541f0455dc48f98d55e3cb7bd1f8dfd4d2-1.jpg
dolphin,https://img.freepik.com/premium-photo/dolphins-jumping-on-the-waves_118124-40061.jpg
dolphin,https://img.rurubu.jp/img_srw/andmore/images/0000306666/PgKbjwQ1eafcmnYgAfOTh15Zm6HSdlNW9TwZNxQk.jpeg
dolphin,https://kimini.online/blog/wp-content/uploads/2022/07/dolphin-906176_1280.jpg
dolphin,https://kimini.online/blog/wp-content/uploads/2022/07/dolphin-906176_1280-1118x538.jpg
dolphin,https://media.hawaiioption.com/media/image/2023/01/14/1IMG_7040.jpg
dolphin,https://media.hawaiioption.com/media/image/2023/01/14/2Spotted.jpg
dolphin,https://nagoyaaqua.jp/wp/wp-content/uploads/2022/07/220730-1eye.jpg
dolphin,https://newsatcl-pctr.c.yimg.jp/t/iwiz-yn/rpr/ishidamasahiko/00358392/title-1689655611921.jpeg
dolphin,https://otaru-aq.jp/wordpress/wp-content/uploads/2019/06/DSC_18681.jpg
dolphin,https://s.wsj.net/public/resources/images/BN-AV203_dolphi_G_20131218112328.jpg
dolphin,https://www.cnn.co.jp/storage/2022/04/18/c3be041e44bf9a81e141585828f3cb19/t/768/432/d/220416094514-stranded-dolphin-dies-texas-super-169.jpg
dolphin,https://www.dolphinsandyou.com/wp-content/uploads/IMG_0448.jpeg
dolphin,https://www.dolphinsandyou.com/wp-content/uploads/IMG_1373.jpeg
dolphin,https://www.moaru.net/wp/wp-content/uploads/2020/01/2b2e40603f5077b0c6da7dd008568a0f-1024x683.jpg
dolphin,https://www.tsukumi-irukajima.jp/images/01_home/top_01.jpg
dolphin,https://www.umitamago.jp/wp-content/uploads/2022/10/dol14.jpg
elephant,http://www.asazoo.jp/animal/201908_HP_savanna.jpg
elephant,http://www.safari.co.jp/wp/wp-content/uploads/2020/04/0dc8b1da7ac8d1edd469df912f1af2a4.jpg
elephant,https://d34gglw95p9zsk.cloudfront.net/articles/images/000/022/818/large/88681016-d3c5-47a5-9978-3b949b768323.jpg
elephant,https://grapee.jp/wp-content/uploads/19855_main.jpg
elephant,https://media.loom-app.com/bi/dist/images/2021/10/22/61716a1c33f4b300189ad9ce.jpg
elephant,https://s.yimg.jp/i/kids/zukan/photo/animal/mammals/0105/640_480.jpg
elephant,https://stat.ameba.jp/user_images/20190904/13/tamacat3/73/da/j/o0547070714574596175.jpg
elephant,https://static.hokkaido-np.co.jp/image/article/size1/f/b/c/1/fbc1000be53523130b4b4776c77571b2_1.jpg
elephant,https://tmyun.com/jpeg/yun_5654.jpg
elephant,https://upload.wikimedia.org/wikipedia/commons/d/dc/Elephant_near_ndutu.jpg
elephant,https://upload.wikimedia.org/wikipedia/commons/thumb/d/dc/Elephant_near_ndutu.jpg/1200px-Elephant_near_ndutu.jpg
elephant,https://upload.wikimedia.org/wikipedia/commons/thumb/d/dc/Elephant_near_ndutu.jpg/250px-Elephant_near_ndutu.jpg
elephant,https://upload.wikimedia.org/wikipedia/commons/thumb/d/dc/Elephant_near_ndutu.jpg/640px-Elephant_near_ndutu.jpg
elephant,https://upload.wikimedia.org/wikipedia/commons/thumb/d/dc/Elephant_near_ndutu.jpg/800px-Elephant_near_ndutu.jpg
elephant,https://www.city.sapporo.jp/zoo/03doubutsu/01elephant/r5/images/kozou20230901.jpg
elephant,https://www.city.sendai.jp/zoo/staffu_blog/images/r050726_ben1_500px.jpg
elephant,https://www.cnn.co.jp/storage/2023/12/19/375cb5a3615958adf7d5b3b84fd329be/231216150930-restricted-01-disney-african-elephant.jpg
elephant,https://www.hama-midorinokyokai.or.jp/zoo/kanazawa/author97ae2/2022/10/2d744016ccb29253dd8d491fbd4b882cfda80ced.jpg
elephant,https://www.hama-midorinokyokai.or.jp/zoo/kanazawa/author97ae2/2023/08/4ee9bd715cb740d760d264bba514896df91f8865.jpg
elephant,https://www.higashiyama.city.nagoya.jp/news/archives/2020/08/ea96688f19be998f5bfc02fe962690d26405316f.jpg
elephant,https://www.iucn.org/sites/default/files/content/images/2021/african_forest_elephant_red_list.jpeg
elephant,https://www.iucn.org/sites/default/files/content/images/2021/african_savanna_elephant_annabel_wynyard.jpeg
elephant,https://www.iwate-safari.jp/img/elephant/image07.jpg
elephant,https://www.nasusafari.com/upload/Event/images/img1_163_604edcd7-4f4c-49d1-b887-2b679d07c5b7.jpg
elephant,https://www.nonhoi.jp/blog/wp-content/uploads/2017/09/ba4d788d667faf41a4639e395c8300b5-2-scaled.jpg
elephant,https://www.safari.co.jp/wp/wp-content/uploads/2020/03/5e791bf66d4067e80803e746c584b454-1200x600.jpg
elephant,https://www.sanyo-chemical.co.jp/magazine/wp/wp-content/uploads/2019/04/life_503_01.jpg
elephant,https://www.taelephants.org/user/media/taelephants/page/african-elephant/index/img01.jpg
elephant,https://www.taelephants.org/user/media/taelephants/page/african-elephant/index/img02.jpg
elephant,https://www.tobuzoo.com/fs/2/9/2/3/_/______03.png
elephant,https://www.tokyo-zoo.net/Topics/upfiles/27303_01.jpg
elephant,https://www.yomiuri.co.jp/media/2022/03/20220314-OYT1I50130-1.jpg
elephant,https://www.yomiuri.co.jp/media/2023/10/20231031-OYTNI50076-1.jpg
giraffe,http://2.bp.blogspot.com/-TzN43RBgcqM/XkTLWaliTSI/AAAAAAAARvA/6qdY-v-iwhgGKDgXa8h22wYnnzfmhKK7gCK4BGAYYCw/s1600/DSC03216_.jpg
giraffe,http://c.files.bbci.co.uk/7E4E/production/_115543323_photocredit-ishaqbini.jpg
giraffe,http://www.asazoo.jp/animal/blog/assets_c/2021/06/3db3a79b2150fcfb1963315c0dd9a9b28e72c00b-thumb-autox533-12796.jpg
giraffe,http://www.asazoo.jp/animal/blog/df7f45dd2c9f3fb7e697b258a27d4cd499335c47.jpg
giraffe,https://chugoku-np.ismcdn.jp/mwimgs/5/4/m/img_54ee4ec57a6410e0c8548913fb5d49a01701580.png
giraffe,https://chugoku-np.ismcdn.jp/mwimgs/b/f/m/img_bf73854ff63a3c1b1ddbd0d1d13174f8369461.jpg
giraffe,https://hirakawazoo.jp/wp/wp-content/uploads/2022/09/%E3%83%8F%E3%83%BC%E3%83%88%E5%85%A8%E8%BA%AB%E3%82%BF%E3%83%86-scaled-e1663754271933.jpg
giraffe,https://ichef.bbci.co.uk/news/640/cpsprodpb/10814/production/_115540676_photocredit-ishaqbini.jpg
giraffe,https://img.huffingtonpost.com/asset/64e410772500001b00f731f4.jpg
giraffe,https://kyodonewsprwire.jp/prwfile/release/M104868/202112124819/_prw_PI1fl_xJ7Cv43B.jpg
giraffe,https://media.loom-app.com/gizmodo/dist/images/2017/10/13/giraffe_20171013.jpg
giraffe,https://newsatcl-pctr.c.yimg.jp/t/amd-img/20230910-00000003-friday-000-1-view.jpg
giraffe,https://tmyun.com/jpeg/yun_3413.jpg
giraffe,https://upload.wikimedia.org/wikipedia/commons/thumb/9/93/Giraffa_camelopardalis_camelopardalis_%28Al_Ain_Zoo%2C_UAE%29%2C_crop_%26_flip.jpg/250px-Giraffa_camelopardalis_camelopardalis_%28Al_Ain_Zoo%2C_UAE%29%2C_crop_%26_flip.jpg
giraffe,https://upload.wikimedia.org/wikipedia/commons/thumb/9/93/Giraffa_camelopardalis_camelopardalis_%28Al_Ain_Zoo%2C_UAE%29%2C_crop_%26_flip.jpg/640px-Giraffa_camelopardalis_camelopardalis_%28Al_Ain_Zoo%2C_UAE%29%2C_crop_%26_flip.jpg
giraffe,https://upload.wikimedia.org/wikipedia/commons/thumb/9/93/Giraffa_camelopardalis_camelopardalis_%28Al_Ain_Zoo%2C_UAE%29%2C_crop_%26_flip.jpg/800px-Giraffa_camelopardalis_camelopardalis_%28Al_Ain_Zoo%2C_UAE%29%2C_crop_%26_flip.jpg
giraffe,https://www.ecochil.net/wp-content/uploads/2023/05/shonan2306zoo-eyecatchi.jpg
giraffe,https://www.hama-midorinokyokai.or.jp/zoo/nogeyama/authorc8504/09336abe922ff3c171e5278ab2d824e6278d68ca.jpg
giraffe,https://www.hama-midorinokyokai.or.jp/zoo/nogeyama/authorc8504/3849384902ace03c1065cb61efcaf98fd1c4f279.jpg
giraffe,https://www.hama-midorinokyokai.or.jp/zoo/nogeyama/authorc8504/8a5b65701116d326d2a64edb6a3c6853988f58f3.jpg
giraffe,https://www.hama-midorinokyokai.or.jp/zoo/zoorasia/5/DSCN4330.jpg
giraffe,https://www.hama-midorinokyokai.or.jp/zoo/zoorasia/5/IMG_5273.jpg
giraffe,https://www.hama-midorinokyokai.or.jp/zoo/zoorasia/animal/assets_c/2021/05/4dfbf9b1c25839f053f37a66a105201721ed6a30-thumb-1000x1000-111384.jpg
giraffe,https://www.hama-midorinokyokai.or.jp/zoo/zoorasia/animal/assets_c/2021/05/DSC_3722-thumb-999x666-111386.jpg
giraffe,https://www.hama-midorinokyokai.or.jp/zoo/zoorasia/animal/assets_c/2021/05/DSC_7225-thumb-999x666-111385.jpg
giraffe,https://www.hama-midorinokyokai.or.jp/zoo/zoorasia/animal/assets_c/2021/05/DSC_8843-thumb-999x666-111389.jpg
giraffe,https://www.hama-midorinokyokai.or.jp/zoo/zoorasia/animal/assets_c/2021/05/DSC03350-thumb-1000x562-111388.jpg
giraffe,https://www.hama-midorinokyokai.or.jp/zoo/zoorasia/assets_c/2021/05/DSCN4388-thumb-960x720-111472.jpg
giraffe,https://www.nonhoi.jp/blog/wp-content/uploads/2021/10/de21f9a5e8796b2df4170dad1cb9abea.jpg
giraffe,https://www.nonhoi.jp/blog/wp-content/uploads/2023/01/IMG_2329.jpg
giraffe,https://www.parks.or.jp/sczoo/guide/files/324/000324/att_0000002.jpg
giraffe,https://www.tennojizoo.jp/wp-content/uploads/2022/04/IMG_4695.jpg
giraffe,https://www.tennojizoo.jp/wp-content/uploads/2022/05/2-e1651471417408.jpg
giraffe,https://www.tobezoo.com/tobetopics/2022/08/12/DSC_1781.JPG
giraffe,https://www.tobuzoo.com/fs/3/0/4/1/_/___01.png
giraffe,https://www.tokyo-zoo.net/Topics/upfiles/27197_01.jpg
giraffe,https://www.tokyo-zoo.net/Topics/upfiles/27401_01.jpg
giraffe,https://www5.city.kyoto.jp/zoo/uploads/image/img073-683x1024.jpg
giraffe,https://zoomo.co.jp/wp-content/uploads/2022/11/%E3%82%AD%E3%83%AA%E3%83%B3%EF%BC%91-scaled.jpg
giraffe,https://zoomo.co.jp/wp-content/uploads/2022/11/%E3%82%AD%E3%83%AA%E3%83%B3%EF%BC%94-scaled.jpg
goat,http://www.asazoo.jp/animal/57a5474f93414084487de1c7433ddac62a881cb4.jpg
goat,http://www.ikutopia.com/site/wp-content/uploads/2022/04/IMG_1999.jpg
goat,http://www.izu-kamori.jp/blog/IMG_0732.JPG
goat,http://www.tmf.jp/data/lt/000000/00/0000000017/e8HWY2fe1591922494_l.jpg
goat,https://kimini.online/blog/wp-content/uploads/2022/01/billy-goat-gda8a5887f_1280-1118x538.jpg
goat,https://media.townwork.net/uploads/2015/09/022.jpg
goat,https://newsatcl-pctr.c.yimg.jp/t/amd-img/20230925-00010005-newsweek-000-1-view.jpg
goat,https://s.yimg.jp/i/kids/zukan/photo/animal/mammals/0137/640_480.jpg
goat,https://sotokoto-online.jp/oldimgs/item_images/images/000/136/205/medium/0f196177-9b94-4d89-b2ec-3a711c3f5279.jpg
goat,https://upload.wikimedia.org/wikipedia/commons/8/88/Billy_goat.jpg
goat,https://upload.wikimedia.org/wikipedia/commons/thumb/3/39/Irish_Goat.jpg/640px-Irish_Goat.jpg
goat,https://upload.wikimedia.org/wikipedia/commons/thumb/3/39/Irish_Goat.jpg/800px-Irish_Goat.jpg
goat,https://www.asahicom.jp/articles/images/AS20210906001798_comm.jpg
goat,https://www.city.sakura.lg.jp/material/images/group/1/ponyo.JPG
goat,https://www.city.sendai.jp/zoo/dobutsu/honyurui/yagi/images/zaanen1_wbtrm500px.jpg
goat,https://www.higashiyama.city.nagoya.jp/04_zoo/friend/assets_c/2021/08/01f8ec02f0b338a895587fddfd7fd43a3f4c87bd-thumb-1000xauto-11340.jpg
goat,https://www.higashiyama.city.nagoya.jp/04_zoo/friend/assets_c/2021/08/17e02949b545b64306d2670e8b993f3c4be4c669-thumb-1000xauto-11339.jpg
goat,https://www.kanaloco.jp/sites/default/files/2020-12/%E7%B7%9A%E8%B7%AF%E8%84%87%E3%81%A7%E9%A3%BC%E8%82%B2%E3%81%95%E3%82%8C%E3%81%A6%E3%81%84%E3%82%8B%E3%83%A4%E3%82%AE%E3%81%AE%E3%80%8C%E7%B5%90%E3%80%8D%E3%81%A8%E3%80%8C%E5%91%BD%E3%80%8D.jpg
goat,https://www.kanaloco.jp/sites/default/files/styles/gallery_590_394/public/2021-01/%E3%83%A4%E3%82%AE%E3%81%AE%E3%80%8C%E7%B5%90%E3%80%8D%E3%81%A8%E3%80%8C%E5%91%BD%E3%80%8D.jpg
goat,https://www.miyakoda.co.jp/wp/wp-content/uploads/2020/10/120345002_808954613241439_2522448898294848363_n.jpg
goat,https://www.nhdzoo.jp/_animal_img/thm_450_450_153_2.jpg
goat,https://www.nhdzoo.jp/_animal_img/thm_450_450_153_3.jpg
goat,https://www.nishinippon.co.jp/uploads/image/1304711/large_IP220430JAA000362000_0001_CDSP.jpg
goat,https://www.nonhoi.jp/blog/wp-content/uploads/2022/11/1abe20958a75cf168be0a1339b85a965.jpg
goat,https://www.safari.co.jp/wp/wp-content/uploads/2020/03/17bdb1a4dea5edd6421442264148ab12-1200x600.jpg
goat,https://www.tv-tokyo.co.jp/txcms/media/plus_content/91/fd/45ecdee6208897adf4dfbfb44d0a.jpg
goat,https://www.yomiuri.co.jp/media/2023/01/20230116-OYT1I50051-1.jpg
lion,https://cdn.mainichi.jp/vol1/2022/05/09/20220509k0000m040153000p/9.jpg
lion,https://ecofami.com/wp-content/uploads/2020/06/main_hya_1909-1.jpg
lion,https://i.natgeofe.com/n/487a0d69-8202-406f-a6a0-939ed3704693/african-lion_2x3.JPG
lion,https://i.natgeofe.com/n/487a0d69-8202-406f-a6a0-939ed3704693/african-lion_3x2.JPG
lion,https://i.ytimg.com/vi/wQKOJLU7LMU/maxresdefault.jpg
lion,https://ikedazoo.jp/wp-content/uploads/2022/12/DSC_0447.jpg
lion,https://ikedazoo.jp/wp-content/uploads/2022/12/IMG_0954.jpg
lion,https://img.freepik.com/free-photo/majestic-lioness-walking-through-african-savannah-dusk-generated-by-ai_188544-24178.jpg
lion,https://insideecology.com/wp-content/uploads/2018/06/lion-805084_1280.jpg
lion,https://kimini.online/blog/wp-content/uploads/2022/07/lion-805084_1280.jpg
lion,https://nationalzoo.si.edu/sites/default/files/animals/africanlion-006_0.jpg
lion,https://pz-garden.stardust31.com/syokuniku-moku/neko-ka/photo/raion%20(11).jpg
lion,https://tokushima.ismcdn.jp/mwimgs/7/f/700/img_7fe04ada53b330c901beda25e8cba1a38203305.jpg
lion,https://torute.me/wp-content/uploads/2018/04/african-lion-wallpapers-hd.jpg
lion,https://upload.wikimedia.org/wikipedia/commons/thumb/7/73/Lion_waiting_in_Namibia.jpg/1200px-Lion_waiting_in_Namibia.jpg
lion,https://upload.wikimedia.org/wikipedia/commons/thumb/7/73/Lion_waiting_in_Namibia.jpg/640px-Lion_waiting_in_Namibia.jpg
lion,https://upload.wikimedia.org/wikipedia/commons/thumb/7/73/Lion_waiting_in_Namibia.jpg/800px-Lion_waiting_in_Namibia.jpg
lion,https://www.chuo-a.ac.jp/anilab/wp-content/uploads/20190830chuo001.jpg
lion,https://www.hama-midorinokyokai.or.jp/zoo/zoorasia/animal/assets_c/2022/06/7d50b876f8a42e7709f7366f9c4e60511c9f5520-thumb-1000x1000-141489.jpg
lion,https://www.itozu-zoo.jp/friends/assets_c/2023/04/IMG_7029-thumb-1200x1600-30258.jpg
lion,https://www.krugerpark.co.za/images/black-maned-lion-shem-compion-786x500.jpg
lion,https://www.lioncountrysafari.com/assets/2747/img_2923-2021052410152766.jpg?w=480&h=480
lion,https://www.lpzoo.org/wp-content/uploads/2023/03/Screen-Shot-2023-02-09-at-7-1.webp
lion,https://www.sanyo-chemical.co.jp/magazine/wp/wp-content/uploads/2019/05/life_494_02.jpg
lion,https://www.thoughtco.com/thmb/kx7xB_O9P2OMXJyqWoxmJPENLoc=/1500x0/filters:no_upscale():max_bytes(150000):strip_icc()/lion-on-white-background--profile-and-detourable--885379644-5b79b92f46e0fb0050210063.jpg
lion,https://www.tobuzoo.com/fs/2/8/8/7/_/____01.png
lion,https://zoomo.co.jp/wp-content/uploads/2022/11/%E3%83%A9%E3%82%A4%E3%82%AA%E3%83%B31-scaled.jpg
panda,https://cloudfront-us-east-2.images.arcpublishing.com/reuters/HVIFBP6M3ZIMDBCUPNTFUBGMA4.jpg
panda,https://files.worldwildlife.org/wwfcmsprod/images/Panda_in_Tree/hero_small/99i33zyc0l_Large_WW170579.jpg
panda,https://i.natgeofe.com/k/75ac774d-e6c7-44fa-b787-d0e20742f797/giant-panda-eating_2x3.jpg
panda,https://i.natgeofe.com/k/75ac774d-e6c7-44fa-b787-d0e20742f797/giant-panda-eating_square.jpg
panda,https://i.ytimg.com/vi/-wWLjP6kZEI/maxresdefault.jpg
panda,https://img01.jalannews.jp/img/2023/03/20230314_panda_21-670x443.jpg
panda,https://media.cnn.com/api/v1/images/stellar/prod/230711232557-02-panda-ai-bao-babies-0711.jpg
panda,https://media.newyorker.com/photos/65527dfc8891bf3f2830ffd7/master/pass/Robin-Pandas-Leave.jpg
panda,https://nationalzoo.si.edu/sites/default/files/newsroom/20210821-195sb-teaser.jpg
panda,https://nationalzoo.si.edu/sites/default/files/styles/wide/public/newsroom/20230722-817a8337-003rp-mei-xiang-web.png
panda,https://nature-and-science.jp/wp-content/uploads/2020/10/27133000452.jpg
panda,https://th-thumbnailer.cdn-si-edu.com/WftgicIL3gWeLLEkrQG7L15CB6E=/1000x750/filters:no_upscale()/https://tf-cmsv2-smithsonianmag-media.s3.amazonaws.com/filer/27/ec/27ec8c0f-b366-4173-b3c9-6d1f4917989a/42-51659330.jpg
panda,https://upload.wikimedia.org/wikipedia/commons/0/0f/Grosser_Panda.JPG
panda,https://upload.wikimedia.org/wikipedia/commons/thumb/0/0f/Grosser_Panda.JPG/1200px-Grosser_Panda.JPG
panda,https://upload.wikimedia.org/wikipedia/commons/thumb/0/0f/Grosser_Panda.JPG/640px-Grosser_Panda.JPG
panda,https://upload.wikimedia.org/wikipedia/commons/thumb/0/0f/Grosser_Panda.JPG/800px-Grosser_Panda.JPG
panda,https://www.aws-s.com/assets/img/animals/panda/20191211saihin.jpg
panda,https://www.aws-s.com/panda_breeding_and_research/china/img/china-photo1.jpg
panda,https://www.metro.tokyo.lg.jp/tosei/hodohappyo/press/2021/12/10/images/14_01.jpg
panda,https://www.reuters.com/resizer/Aqk8uEGwYf5Ez-nNzPzQ5KWy1Ao=/1200x0/filters:quality(80)/cloudfront-us-east-2.images.arcpublishing.com/reuters/HVIFBP6M3ZIMDBCUPNTFUBGMA4.jpg
panda,https://www.tokyo-zoo.net/Topics/upfiles/27580_01.jpg
panda,https://www.wsav.com/wp-content/uploads/sites/75/2023/03/GettyImages-175009379.jpg
panda,https://zoo.sandiegozoo.org/sites/default/files/teaser_image/thumb-pandacam.jpg
penguin,http://farm8.staticflickr.com/7402/11947736855_ba34e7ed73_n.jpg
penguin,https://aoao-sapporo.blue/wp-content/uploads/2023/08/DSC_0133-edited-scaled.jpg
penguin,https://aqua-tourdesk.com/wp-content/uploads/2023/06/penguin-parade.jpg
penguin,https://cdn-natgeo.nikkeibp.co.jp/atcl/gallery/030600178/01.jpg
penguin,https://ebikani-aquarium.sakura.ne.jp/web/wp-content/uploads/2021/05/ebitokani_penguins-5.jpg
penguin,https://img.rurubu.jp/img_srw/andmore/images/jV4eBH3NgeSrtCCNVZV1guI9yhfwhBb7pyWpbGVU.jpeg
penguin,https://media.loom-app.com/bi/dist/images/2020/04/01/5e839ea092e1917aa3710939.jpg
penguin,https://prcdn.freetls.fastly.net/release_image/112370/11/112370-11-c66cf338425caffa9a53e958b95250df-1106x1350.png
penguin,https://static.tokyo-np.co.jp/image/article/size1/4/e/d/a/4edae40f9d3665e3f3bd757d522c4eb6_1.jpg
penguin,https://upload.wikimedia.org/wikipedia/commons/b/b1/African_Penguin_at_Boulders_Beach_1.jpg
penguin,https://upload.wikimedia.org/wikipedia/commons/thumb/b/b1/African_Penguin_at_Boulders_Beach_1.jpg/1200px-African_Penguin_at_Boulders_Beach_1.jpg
penguin,https://upload.wikimedia.org/wikipedia/commons/thumb/b/b1/African_Penguin_at_Boulders_Beach_1.jpg/250px-African_Penguin_at_Boulders_Beach_1.jpg
penguin,https://upload.wikimedia.org/wikipedia/commons/thumb/b/b1/African_Penguin_at_Boulders_Beach_1.jpg/640px-African_Penguin_at_Boulders_Beach_1.jpg
penguin,https://upload.wikimedia.org/wikipedia/commons/thumb/b/b1/African_Penguin_at_Boulders_Beach_1.jpg/800px-African_Penguin_at_Boulders_Beach_1.jpg
penguin,https://www.aqua-park.jp/image/animals_kitaiwatobipenguin.html_list.jpg
penguin,https://www.city.sapporo.jp/zoo/images/hunboruto.jpg
penguin,https://www.ecochil.net/wp-content/uploads/2022/05/z2205_hyogozoo-eyecatchi.jpg
penguin,https://www.hama-midorinokyokai.or.jp/zoo/zoorasia/animal/assets_c/2021/09/e97505971353597b1a8e804f5ce1d407fe99d222-thumb-999x666-119973.jpg
penguin,https://www.hoshizaki.co.jp/penguin_island/penguin/sp/images/african/img-photo01.png
penguin,https://www.kaikyokan.com/cms/wp-content/uploads/2022/07/penguin5-1.jpg
penguin,https://www.kaiyukan.com/area/exhibition/gentoo.jpg
penguin,https://www.kaiyukan.com/area/exhibition/minamiiwatobi.jpg
penguin,https://www.kaiyukan.com/connect/blog/2109_jenkanu2_02.jpg
penguin,https://www.nonhoi.jp/blog/wp-content/uploads/2023/07/3705a5ff5f3a3e98d269f663c92fba58-800x1067.jpg
penguin,https://www.parks.or.jp/sczoo/guide/files/143/000143/__img1.jpg
penguin,https://www.ponant.jp/cdn/shop/articles/encounter_with_the_sentinel_10_1905x608.jpg
penguin,https://www.sumida-aquarium.com/img/thumb/timthumb.php?w=450&h=300&src=%2Fwp%2Fwp-content%2Fuploads%2F2019%2F02%2F01-2.jpg
penguin,https://www.titech.ac.jp/news/img/news-31816-01.jpg
polarbear,https://dnaimg.com/2012/10/02/get-your-groove-on-like-a-polar-go0/003.jpg
polarbear,https://hips.hearstapps.com/hmg-prod/images/polar-bears-have-transparent-hair-and-dark-skin-esquire-japan-2-1607617421.jpg
polarbear,https://img.freepik.com/premium-photo/cute-polar-bear-cub-enjoys-the-snow_998451-1753.jpg
polarbear,https://img.freepik.com/premium-photo/cute-polar-bear-cub-enjoys-the-snow_998451-1755.jpg
polarbear,https://img.huffingtonpost.com/asset/5c635da62600004602fd5946.jpeg
polarbear,https://img.huffingtonpost.com/asset/61f9f7172c0000a41cdf5f62.jpeg
polarbear,https://minato-ecoplaza.net/wp-content/uploads/2023/07/2e55b9a667ce3a3516d898899fd900f4.jpg
polarbear,https://upload.wikimedia.org/wikipedia/commons/thumb/4/45/Polar_Bear_ANWR_1.jpg/800px-Polar_Bear_ANWR_1.jpg
polarbear,https://www.tobezoo.com/peace/img/mn04.jpg
polarbear,https://www.yomiuri.co.jp/media/2023/03/20230302-OYT1I50171-1.jpg
snake,https://blog-imgs-154.fc2.com/h/i/g/higopet15/DSC_2234_2.jpg
snake,https://cdn.mainichi.jp/vol1/2023/08/28/20230828ddlk34040247000p/9.jpg
snake,https://cdn-ak.f.st-hatena.com/images/fotolife/b/blue1214/20231001/20231001094448.jpg
snake,https://contents.oricon.co.jp/photo/img/7000/7614/detail/img660/1685350689593.jpg
snake,https://hanimaru-cafe.com/74912/files/2020/10/20201030_1948.jpg
snake,https://ichef.bbci.co.uk/news/640/cpsprodpb/492D/production/_102833781_snakeproperpic.jpg
snake,https://img.hani.co.kr/imgdb/japan/news/resize/2022/1216/167113885479_20221216.JPG
snake,https://media.loom-app.com/bi/dist/images/2023/02/09/63e2ec5927e5db0018eea80b.jpg
snake,https://natgeo.nikkeibp.co.jp/atcl/news/15/121100361/ph_thumb.jpg
snake,https://remix-net.co.jp/wp-content/uploads/2019/04/c5ea6a98def29c9b629c4c52b6e51318.jpg
snake,https://repiew.jp/knowledge/wp-content/uploads/2018/07/shutterstock_176604362.jpg
snake,https://snakecenter.jp/wp-content/uploads/eyecatch_15_202304.jpg
snake,https://upload.wikimedia.org/wikipedia/commons/1/1f/L14cobra.jpg
snake,https://upload.wikimedia.org/wikipedia/commons/thumb/1/1c/Giant_Garter_Snake_1.jpg/1200px-Giant_Garter_Snake_1.jpg
snake,https://upload.wikimedia.org/wikipedia/commons/thumb/1/1f/L14cobra.jpg/1200px-L14cobra.jpg
snake,https://upload.wikimedia.org/wikipedia/commons/thumb/1/1f/L14cobra.jpg/640px-L14cobra.jpg
snake,https://upload.wikimedia.org/wikipedia/commons/thumb/1/1f/L14cobra.jpg/800px-L14cobra.jpg
snake,https://www.city.niigata.lg.jp/kurashi/kankyo/hozen/shizenfureai/wild/injury/snake.images/japaneseratsnake2.jpg
snake,https://www.cnn.co.jp/storage/2019/08/10/7d0e54c37db6a955622019f823c08fad/animal-mangrove-snake.jpg
snake,https://www.cnn.co.jp/storage/2020/10/26/09bbc0577fe76de330d75c7aeb982f8e/03-two-headed-snake-florida.jpg
snake,https://www.cnn.co.jp/storage/2020/10/26/09bbc0577fe76de330d75c7aeb982f8e/t/768/432/d/03-two-headed-snake-florida.jpg
snake,https://www.cnn.co.jp/storage/2020/10/26/ddaca49b63ab698edf6d4f264379c211/01-two-headed-snake-florida.jpg
snake,https://www.cnn.co.jp/storage/2023/08/19/40e5a8e9b4655bfafccb33309465bab4/two-headed-snake-returns-3-super-169.jpg
snake,https://www.hama-midorinokyokai.or.jp/zoo/kanazawa/assets_c/2017/09/457182a61a305b99525b0e0aa5ca32f85e878b06-thumb-960x720-27160.jpg
snake,https://www.oist.jp/sites/default/files/styles/background_image_xl_low_1x/public/20211213-header.jpg
snake,https://www.oist.jp/sites/default/files/styles/open_graph/public/20211213-header.jpg
snake,https://www.tennojizoo.jp/wp-content/uploads/2021/08/%E5%86%99%E7%9C%9F%E2%91%A2.jpg
snake,https://www.yokogurayama-museum.jp/wp-content/uploads/2022/06/IMG_5692-scaled.jpg
snake,https://www.yokogurayama-museum.jp/wp-content/uploads/2022/06/IMGP1461.jpg
snake,https://www.yomiuri.co.jp/media/2022/10/20221007-OYT1I50240-1.jpg
tiger,http://c.files.bbci.co.uk/142A8/production/_108100628_tiger-index-getty.jpg
tiger,https://cloudfront-ap-northeast-1.images.arcpublishing.com/sankei/UFE5MY2K5BI7ZCACZFSHNQJ6T4.jpg
tiger,https://farm8.staticflickr.com/7116/7482847746_a36ba28f01_o.jpg
tiger,https://gentosha-go.com/mwimgs/c/6/-/img_c6f397c50e8dd8dc0cf109c7d79eb2fe131861.jpg
tiger,https://hirakawazoo.jp/wp/wp-content/uploads/2022/09/bengarutora03.jpg
tiger,https://hirakawazoo.jp/wp/wp-content/uploads/2022/09/bengarutora04.jpg
tiger,https://jbpress.ismcdn.jp/mwimgs/3/c/600mw/img_3c98ca16864514b385905ea905773fbc72922.jpg
tiger,https://khabarovsk-channel.com/le_wp/wp-content/uploads/2021/12/a-%E3%81%AE%E3%82%B3%E3%83%94%E3%83%BC.jpg
tiger,https://livedoor.blogimg.jp/tennojizoo/imgs/6/3/631ccf9d.jpg
tiger,https://livedoor.blogimg.jp/tennojizoo/imgs/d/a/da690aca.jpg
tiger,https://media.loom-app.com/bi/dist/images/2021/12/24/1.jpg
tiger,https://oggi.jp/wp-content/uploads/2022/04/shutterstock_1378635314-2.jpg
tiger,https://p.potaufeu.asahi.com/6e4a-p/picture/21224389/f3ff97092d4da2e0a5bdfded206ae81d_640px.jpg
tiger,https://static.tokyo-np.co.jp/image/article/size1/9/2/1/e/921e4db76df12ba79a3e5f6ee4dae873_1.jpg
tiger,https://tk.ismcdn.jp/mwimgs/3/3/1200w/img_33bef327d53f394cca686453697faf4f547376.jpg
tiger,https://upload.wikimedia.org/wikipedia/commons/thumb/4/49/Panthera_tigris_tigris.jpg/300px-Panthera_tigris_tigris.jpg
tiger,https://www.asahicom.jp/imgopt/img/d3c03b162d/hw414/AS20220103001638.jpg
tiger,https://www.city.sapporo.jp/zoo/03doubutsu/05asiazone/02amurtiger/2022/images/toto1.jpg
tiger,https://www.cnn.co.jp/storage/2023/04/16/fc203867afe3967ce6ffac232178c016/t/768/432/d/tiger-india-file-super-169.jpg
tiger,https://www.cnn.co.jp/storage/2023/04/16/fc203867afe3967ce6ffac232178c016/tiger-india-file-super-169.jpg
tiger,https://www.hama-midorinokyokai.or.jp/zoo/zoorasia/animal/assets_c/2021/06/6c857a3b5e4bef2b7286a7645fd3ecd512bc8a49-thumb-800xauto-112742.jpg
tiger,https://www.hama-midorinokyokai.or.jp/zoo/zoorasia/animal/assets_c/2021/06/DSC_1463-thumb-999x666-112743.jpg
tiger,https://www.hama-midorinokyokai.or.jp/zoo/zoorasia/animal/assets_c/2021/06/DSC_2940-thumb-999x666-112747.jpg
tiger,https://www.hama-midorinokyokai.or.jp/zoo/zoorasia/animal/assets_c/2021/06/DSC_4508-thumb-999x666-112744.jpg
tiger,https://www.hama-midorinokyokai.or.jp/zoo/zoorasia/animal/assets_c/2021/06/DSC_8896-thumb-999x666-112745.jpg
tiger,https://www.kobe-oukoku.com/wordpress/wp-content/uploads/2020/04/5a46d1ae25472b6469162ec67563c178-700x433.jpg
tiger,https://www.kobe-oukoku.com/wordpress/wp-content/uploads/2020/04/70f1bfb2fe5d17683613e36b1b6523bd-700x433.jpg
tiger,https://www.sankei.com/resizer/bV58EmFqqkvdOU6lwwmu-wmsQkE=/1200x630/smart/filters:quality(50)/cloudfront-ap-northeast-1.images.arcpublishing.com/sankei/YMD6PBP3FRIM3BZBQDCDHQNOSU.jpg
tiger,https://www.tennojizoo.jp/wp-content/uploads/2023/02/%E8%A1%A8%E7%B4%99%EF%BC%91.jpg
tiger,https://www.tokyo-zoo.net/Topics/upfiles/25387_01.jpg
tiger,https://www.tokyo-zoo.net/Topics/upfiles/27160_01.jpg
tiger,https://www.tokyo-zoo.net/Topics/upfiles/27991_02.jpg
tiger,https://www.wwf.or.jp/image/article/article_images/20190718tiger01.jpg
tiger,https://www.wwf.or.jp/image/article/article_images/20190718tiger03.jpg
tiger,https://www.wwf.or.jp/image/article/article_images/20190718tiger04.jpg
tiger,https://www.wwf.or.jp/image/article/article_images/20190718tiger07.jpg
whale,https://andyoucreations.com/wp-content/uploads/2022/07/WhaleMobileHome-e1699563316384.jpg
whale,https://auvibes.com/wp-content/uploads/2018/06/humpback-getty-1024x683.jpg
whale,https://cdn.mainichi.jp/vol1/2021/12/07/20211207kei00s00s023000p/9.jpg
whale,https://cdn.mainichi.jp/vol1/2023/01/09/20230109k0000m040062000p/9.jpg
whale,https://cdn2.veltra.com/ptr/20200109014553_1703568191_10251_0.jpg
whale,https://d2znjoo7p8l5rk.cloudfront.net/photo_zoom/spot/4112/topics/3469/22031210415349299.jpeg
whale,https://media.wired.jp/photos/61cf053460a119c87b35e2cd/master/w_1600%2Cc_limit/d0b4a5303f721ea73ddfaf44feae3b69.jpg
whale,https://media.wired.jp/photos/61cf1596e533d60bb2d61d09/master/w_1600%2Cc_limit/ab023a8ab2226cb986b32f9398395998.jpg
whale,https://static.tokyo-np.co.jp/image/article/size1/0/d/6/1/0d619f75f2c9b2ffc6a6d7f2a05f9220_1.jpg
whale,https://upload.wikimedia.org/wikipedia/commons/thumb/0/07/Jumping_Humpback_whale.jpg/1200px-Jumping_Humpback_whale.jpg
